{"a": 844, "b": 231, "c": 642, "roots": null}
{"a": 862, "b": 505, "c": 381, "roots": null}
{"a": 864, "b": 442, "c": 428, "roots": null}
{"a": 901, "b": 391, "c": 364, "roots": null}
{"a": 860, "b": 664, "c": 112, "roots": [-0.24893578629782628, -0.5231572369579877]}
{"a": 941, "b": 397, "c": 161, "roots": null}
{"a": 847, "b": 695, "c": 984, "roots": null}
{"a": 928, "b": 923, "c": 652, "roots": null}
{"a": 790, "b": 155, "c": 650, "roots": null}
{"a": 486, "b": 862, "c": 922, "roots": null}
{"a": 552, "b": 119, "c": 620, "roots": null}
{"a": 984, "b": 812, "c": 919, "roots": null}
{"a": 927, "b": 202, "c": 829, "roots": null}
{"a": 740, "b": 871, "c": 636, "roots": null}
{"a": 383, "b": 827, "c": 371, "roots": [-0.6358527952684808, -1.5234161342354355]}
{"a": 707, "b": 471, "c": 826, "roots": null}
{"a": 984, "b": 467, "c": 508, "roots": null}
{"a": 814, "b": 732, "c": 655, "roots": null}
{"a": 464, "b": 258, "c": 418, "roots": null}
{"a": 980, "b": 822, "c": 800, "roots": null}
{"a": 157, "b": 600, "c": 361, "roots": [-0.748115384441156, -3.0735406665142584]}
{"a": 473, "b": 660, "c": 112, "roots": [-0.19771129493378567, -1.1976375422755166]}
{"a": 430, "b": 476, "c": 336, "roots": null}
{"a": 600, "b": 667, "c": 318, "roots": null}
{"a": 134, "b": 134, "c": 730, "roots": null}
{"a": 511, "b": 265, "c": 663, "roots": null}
{"a": 387, "b": 525, "c": 704, "roots": null}
{"a": 308, "b": 326, "c": 140, "roots": null}
{"a": 224, "b": 388, "c": 730, "roots": null}
{"a": 522, "b": 864, "c": 327, "roots": [-0.5857967360004296, -1.069375677792674]}
{"a": 503, "b": 731, "c": 338, "roots": null}
{"a": 908, "b": 390, "c": 857, "roots": null}
{"a": 848, "b": 676, "c": 527, "roots": null}
{"a": 665, "b": 891, "c": 894, "roots": null}
{"a": 731, "b": 766, "c": 301, "roots": null}
{"a": 324, "b": 759, "c": 857, "roots": null}
{"a": 883, "b": 246, "c": 860, "roots": null}
{"a": 349, "b": 312, "c": 768, "roots": null}
{"a": 243, "b": 373, "c": 980, "roots": null}
{"a": 459, "b": 810, "c": 188, "roots": [-0.2749316243313273, -1.489774258021614]}
{"a": 508, "b": 476, "c": 427, "roots": null}
{"a": 642, "b": 182, "c": 746, "roots": null}
{"a": 857, "b": 935, "c": 358, "roots": null}
{"a": 972, "b": 168, "c": 673, "roots": null}
{"a": 463, "b": 166, "c": 472, "roots": null}
{"a": 990, "b": 250, "c": 383, "roots": null}
{"a": 977, "b": 205, "c": 750, "roots": null}
{"a": 198, "b": 249, "c": 648, "roots": null}
{"a": 241, "b": 479, "c": 789, "roots": null}
{"a": 538, "b": 198, "c": 886, "roots": null}
{"a": 900, "b": 671, "c": 487, "roots": null}
{"a": 996, "b": 298, "c": 864, "roots": null}
{"a": 254, "b": 807, "c": 662, "roots": null}
{"a": 628, "b": 747, "c": 797, "roots": null}
{"a": 106, "b": 448, "c": 530, "roots": null}
{"a": 314, "b": 206, "c": 765, "roots": null}
{"a": 493, "b": 255, "c": 781, "roots": null}
{"a": 165, "b": 377, "c": 456, "roots": null}
{"a": 506, "b": 254, "c": 297, "roots": null}
{"a": 348, "b": 667, "c": 475, "roots": null}
{"a": 622, "b": 258, "c": 585, "roots": null}
{"a": 605, "b": 400, "c": 858, "roots": null}
{"a": 145, "b": 574, "c": 536, "roots": [-1.509078788035013, -2.4495419016201594]}
{"a": 258, "b": 771, "c": 561, "roots": [-1.2529945521780055, -1.7353775408452503]}
{"a": 174, "b": 869, "c": 646, "roots": [-0.9087320389343062, -4.0855208346289125]}
{"a": 559, "b": 596, "c": 609, "roots": null}
{"a": 751, "b": 206, "c": 793, "roots": null}
{"a": 143, "b": 114, "c": 557, "roots": null}
{"a": 540, "b": 943, "c": 255, "roots": [-0.3344780576546084, -1.411818238641688]}
{"a": 830, "b": 502, "c": 767, "roots": null}
